object_id,mission,proba_planet,confidence_pct,category,group_id,label_text,period,t0,duration,depth,impact,rp,teq,insolation,stellar_teff,stellar_logg,stellar_radius,ra,dec,koi_model_snr,koi_kepmag,nasa_category
10662202,kepler,0.9999803325731451,100.0,planet,10662202,CANDIDATE,5.04413987,132.51986,1.623,172.0,0.727,1.18,862.0,130.09,4954.0,4.5,0.828,290.46512,47.92918,10.2,15.377,candidate
10662202,kepler,0.9999803325731451,100.0,planet,10662202,CANDIDATE,14.516741,138.83799,2.706,227.2,0.851,1.45,606.0,31.8,4954.0,4.5,0.828,290.46512,47.92918,10.1,15.377,candidate
9579641,kepler,0.9999941486334089,100.0,planet,9579641,CANDIDATE,3.43591631,132.6624,3.133,23.2,0.624,0.55,1272.0,617.61,5779.0,4.339,1.087,287.88733,46.276241,8.7,12.791,candidate
12366084,kepler,0.9999915618160419,100.0,planet,12366084,CANDIDATE,0.589376952,131.8694,1.71,80.7,0.491,0.93,2162.0,5161.1,5714.0,4.428,1.015,295.81616,51.121738,11.4,15.367,candidate
12366084,kepler,0.9999956050278078,100.0,planet,12366084,CANDIDATE,0.589376952,131.8694,1.71,80.7,0.491,0.93,2162.0,5161.1,5714.0,4.428,1.015,295.81616,51.121738,11.4,15.367,candidate
9579641,kepler,0.9999995461742924,100.0,planet,9579641,CANDIDATE,3.43591631,132.6624,3.133,23.2,0.624,0.55,1272.0,617.61,5779.0,4.339,1.087,287.88733,46.276241,8.7,12.791,candidate
11918099,kepler,0.9999822256036481,100.0,planet,11918099,CANDIDATE,7.2406612,137.75545,0.558,556.4,1.198,19.45,734.0,68.63,5005.0,4.595,0.765,293.83331,50.23035,13.7,15.334,candidate
5792202,kepler,0.9999991978819621,100.0,planet,5792202,CANDIDATE,269.306232,285.6272,14.931,1708.0,1.219,24.0,235.0,0.72,5251.0,4.581,0.817,292.23676,41.08588,18.1,15.855,candidate
5792202,kepler,0.9999991978819621,100.0,planet,5792202,CANDIDATE,499.47338,455.5672,12.248,1662.0,0.793,3.71,191.0,0.31,5251.0,4.581,0.817,292.23676,41.08588,15.7,15.855,candidate
5792202,kepler,0.9999498020265675,99.99,planet,5792202,CANDIDATE,269.306232,285.6272,14.931,1708.0,1.219,24.0,235.0,0.72,5251.0,4.581,0.817,292.23676,41.08588,18.1,15.855,candidate
5792202,kepler,0.9999498020265675,99.99,planet,5792202,CANDIDATE,499.47338,455.5672,12.248,1662.0,0.793,3.71,191.0,0.31,5251.0,4.581,0.817,292.23676,41.08588,15.7,15.855,candidate
5792202,kepler,0.9999994207452132,100.0,planet,5792202,CANDIDATE,269.306232,285.6272,14.931,1708.0,1.219,24.0,235.0,0.72,5251.0,4.581,0.817,292.23676,41.08588,18.1,15.855,candidate
5792202,kepler,0.9999994207452132,100.0,planet,5792202,CANDIDATE,499.47338,455.5672,12.248,1662.0,0.793,3.71,191.0,0.31,5251.0,4.581,0.817,292.23676,41.08588,15.7,15.855,candidate
7825899,kepler,0.9999894882696165,100.0,planet,7825899,CANDIDATE,28.8672107,156.19578,3.782,347.1,0.041,1.51,493.0,14.0,5191.0,4.564,0.837,293.0614,43.58136,12.0,15.258,candidate
7825899,kepler,0.9999997367535367,100.0,planet,7825899,CANDIDATE,28.8672107,156.19578,3.782,347.1,0.041,1.51,493.0,14.0,5191.0,4.564,0.837,293.0614,43.58136,12.0,15.258,candidate
9347899,kepler,0.9997943931260163,99.98,planet,9347899,CANDIDATE,9.61731426,142.47479,3.8692,234.0,0.331,1.94,1010.0,246.13,6035.0,4.22,1.257,294.02301,45.853081,18.2,15.237,candidate
9347899,kepler,0.9999962274004432,100.0,planet,9347899,CANDIDATE,9.61731426,142.47479,3.8692,234.0,0.331,1.94,1010.0,246.13,6035.0,4.22,1.257,294.02301,45.853081,18.2,15.237,candidate
9347899,kepler,0.9999953442289061,100.0,planet,9347899,CANDIDATE,9.61731426,142.47479,3.8692,234.0,0.331,1.94,1010.0,246.13,6035.0,4.22,1.257,294.02301,45.853081,18.2,15.237,candidate
3240158,kepler,0.9999776667525077,100.0,planet,3240158,CANDIDATE,13.2298203,134.3757,3.566,157.8,0.435,1.5,856.0,126.84,6049.0,4.353,1.176,292.7131,38.358212,10.0,14.818,candidate
3240158,kepler,0.9989843697905634,99.9,planet,3240158,CANDIDATE,13.2298203,134.3757,3.566,157.8,0.435,1.5,856.0,126.84,6049.0,4.353,1.176,292.7131,38.358212,10.0,14.818,candidate
2837111,kepler,0.9997382864149266,99.97,planet,2837111,CANDIDATE,3.71840884,134.6575,3.611,77.2,0.192,0.84,1184.0,464.19,5982.0,4.493,0.96,287.44409,38.088428,9.6,14.794,candidate
5956656,kepler,0.9997270104374106,99.97,planet,5956656,CANDIDATE,46.245164,136.47891,5.663,492.1,0.392,2.46,519.0,17.15,5553.0,4.32,1.107,290.60794,41.201092,15.5,15.376,candidate
3554031,kepler,0.9994956661839138,99.95,planet,3554031,CANDIDATE,14.8623076,354.57297,3.161,840.0,0.324,1.57,454.0,10.08,4362.0,4.722,0.554,293.80441,38.63913,14.4,15.842,candidate
3554031,kepler,0.9997929603029875,99.98,planet,3554031,CANDIDATE,14.8623076,354.57297,3.161,840.0,0.324,1.57,454.0,10.08,4362.0,4.722,0.554,293.80441,38.63913,14.4,15.842,candidate
1432789,kepler,0.9996920146033873,99.97,planet,1432789,CANDIDATE,4.57834367,132.2982,3.987,140.7,0.232,1.44,1206.0,499.41,5782.0,4.28,1.22,291.49942,37.05928,11.4,15.214,candidate
1718189,kepler,0.9997944932883183,99.98,planet,1718189,CANDIDATE,86.723653,195.3511,4.852,241.0,0.662,1.43,391.0,5.5,5830.0,4.54,0.876,290.72867,37.252651,9.4,14.246,candidate
6359320,kepler,0.9996581352647834,99.97,planet,6359320,CANDIDATE,2.83668931,353.81531,3.031,166.1,0.33,1.19,1242.0,562.48,5831.0,4.517,0.921,290.21518,41.77597,12.1,15.808,candidate
1718189,kepler,0.9999208440034171,99.99,planet,1718189,CANDIDATE,86.723653,195.3511,4.852,241.0,0.662,1.43,391.0,5.5,5830.0,4.54,0.876,290.72867,37.252651,9.4,14.246,candidate
6359320,kepler,0.9984359519668833,99.84,planet,6359320,CANDIDATE,2.83668931,353.81531,3.031,166.1,0.33,1.19,1242.0,562.48,5831.0,4.517,0.921,290.21518,41.77597,12.1,15.808,candidate
3447722,kepler,0.9999547385143208,100.0,planet,3447722,CANDIDATE,1.00861677,132.109479,0.91,,,,,,,,,292.47971,38.514919,,15.319,candidate
3447722,kepler,0.9999537763189128,100.0,planet,3447722,CANDIDATE,1.00861677,132.109479,0.91,,,,,,,,,292.47971,38.514919,,15.319,candidate
3447722,kepler,0.9999812283110662,100.0,planet,3447722,CANDIDATE,1.00861677,132.109479,0.91,,,,,,,,,292.47971,38.514919,,15.319,candidate
8240904,kepler,0.9998374631428699,99.98,planet,8240904,CANDIDATE,92.77779,367.6112,6.64,359.0,0.0174,1.92,410.0,6.7,5888.0,4.444,1.019,294.48438,44.166908,5.2,15.59,candidate
8240904,kepler,0.9999785146292574,100.0,planet,8240904,CANDIDATE,92.77779,367.6112,6.64,359.0,0.0174,1.92,410.0,6.7,5888.0,4.444,1.019,294.48438,44.166908,5.2,15.59,candidate
11974540,kepler,0.9992525791068174,99.93,planet,11974540,CANDIDATE,143.21109362,221.7556468,2.71,,,,,,,,,297.00943,50.372318,,13.224,candidate
9605514,kepler,0.9999983091053918,100.0,planet,9605514,CANDIDATE,66.789347,184.4713,4.08,358.5,0.667,2.07,490.0,13.61,6297.0,4.448,1.031,297.9516,46.264721,9.5,15.083,candidate
9605514,kepler,0.9998611888346242,99.99,planet,9605514,CANDIDATE,66.789347,184.4713,4.08,358.5,0.667,2.07,490.0,13.61,6297.0,4.448,1.031,297.9516,46.264721,9.5,15.083,candidate
8158127,kepler,0.9999524436121044,100.0,planet,8158127,CANDIDATE,16.9972894,143.87301,2.585,225.0,0.825,3.14,956.0,197.18,5897.0,3.98,1.86,289.09689,44.004379,11.1,14.5,candidate
10141900,kepler,0.9999520399178586,100.0,planet,10141900,CANDIDATE,9.6550473,137.07505,2.752,313.1,0.124,1.45,705.0,58.36,4999.0,4.49,0.843,292.14447,47.157349,12.2,15.692,candidate
10141900,kepler,0.9999515193670642,100.0,planet,10141900,CANDIDATE,9.6550473,137.07505,2.752,313.1,0.124,1.45,705.0,58.36,4999.0,4.49,0.843,292.14447,47.157349,12.2,15.692,candidate
10141900,kepler,0.9993618787269275,99.94,planet,10141900,CANDIDATE,9.6550473,137.07505,2.752,313.1,0.124,1.45,705.0,58.36,4999.0,4.49,0.843,292.14447,47.157349,12.2,15.692,candidate
8280511,kepler,0.9999828456440637,100.0,planet,8280511,CANDIDATE,17.4532945,146.66244,4.027,79.3,0.357,0.76,639.0,39.42,5528.0,4.499,0.853,283.00296,44.284229,12.0,13.404,candidate
8280511,kepler,0.9999828456440637,100.0,planet,8280511,CANDIDATE,21.7203362,134.7659,4.252,87.8,0.311,0.8,594.0,29.45,5528.0,4.499,0.853,283.00296,44.284229,12.0,13.404,candidate
8280511,kepler,0.9999983962488378,100.0,planet,8280511,CANDIDATE,17.4532945,146.66244,4.027,79.3,0.357,0.76,639.0,39.42,5528.0,4.499,0.853,283.00296,44.284229,12.0,13.404,candidate
8280511,kepler,0.9999983962488378,100.0,planet,8280511,CANDIDATE,21.7203362,134.7659,4.252,87.8,0.311,0.8,594.0,29.45,5528.0,4.499,0.853,283.00296,44.284229,12.0,13.404,candidate
8158127,kepler,0.9996264515289827,99.96,planet,8158127,CANDIDATE,16.9972894,143.87301,2.585,225.0,0.825,3.14,956.0,197.18,5897.0,3.98,1.86,289.09689,44.004379,11.1,14.5,candidate
10157458,kepler,0.9998114542678698,99.98,planet,10157458,CANDIDATE,4.57797412,135.63058,2.862,125.4,0.343,0.96,1024.0,259.36,5795.0,4.554,0.848,297.39319,47.164631,9.6,15.302,candidate
3245969,kepler,0.999071457977623,99.91,planet,3245969,CANDIDATE,11.39110963,137.69665,2.749,593.4,0.569,1.9,632.0,37.65,4999.0,4.587,0.76,294.11566,38.393478,12.1,15.681,candidate
11129738,kepler,0.9999833953044867,100.0,planet,11129738,CANDIDATE,4.88446644,135.24744,2.057,221.0,0.776,0.84,579.0,26.5,3883.0,4.725,0.517,287.85773,48.774109,9.1,15.84,candidate
10964440,kepler,0.9999632588938908,100.0,planet,10964440,CANDIDATE,144.688915,256.343,9.468,397.1,0.087,3.33,416.0,7.09,5372.0,4.007,1.71,285.66269,48.435371,11.6,14.569,candidate
10794087,kepler,0.9999906539616521,100.0,planet,10794087,CANDIDATE,12.37679312,143.3787176,3.85,,,,,,,,,290.55237,48.126263,,11.926,candidate
11336883,kepler,0.9998918440396489,99.99,planet,11336883,CANDIDATE,54.325574,142.236,9.86,44.2,0.154,0.76,545.0,20.85,6343.0,4.411,1.137,283.9368,49.110329,7.7,12.32,candidate
11336883,kepler,0.9998918440396489,99.99,planet,11336883,CANDIDATE,20.01959599,150.8362184,7.0,,,,,,,,,283.9368,49.110329,,12.32,candidate
4466677,kepler,0.9999642745462414,100.0,planet,4466677,CANDIDATE,42.0370662,178.25006,6.282,266.8,0.672,1.66,527.0,18.16,5823.0,4.427,0.96,292.27612,39.550179,14.7,14.609,candidate
4466677,kepler,0.9999642745462414,100.0,planet,4466677,CANDIDATE,21.0112068,132.6336,4.507,163.6,0.853,1.4,663.0,45.79,5823.0,4.427,0.96,292.27612,39.550179,10.2,14.609,candidate
8874090,kepler,0.9996619768383179,99.97,planet,8874090,CANDIDATE,18.9060921,140.82932,4.125,375.6,0.004,0.87,336.0,3.03,3751.0,4.813,0.45,287.05453,45.18037,11.9,15.931,candidate
6946199,kepler,0.9999953739703931,100.0,planet,6946199,CANDIDATE,104.8205868,374.83154,4.4794,3920.1,0.918,6.45,376.0,4.74,5986.0,4.527,0.85,291.02069,42.46244,76.6,15.229,candidate
4860678,kepler,0.9997743920062477,99.98,planet,4860678,CANDIDATE,3.03359398,133.08355,4.026,95.6,0.023,1.55,1529.0,1294.06,5557.0,4.037,1.616,297.79691,39.921371,12.3,14.943,candidate
6268648,kepler,0.9998615153187304,99.99,planet,6268648,CANDIDATE,20.605501,146.5069,3.793,37.1,0.705,0.85,806.0,99.53,6099.0,4.193,1.308,285.47659,41.632717,11.1,11.049,candidate
6268648,kepler,0.9998615153187304,99.99,planet,6268648,CANDIDATE,94.094392,196.7503,10.833,46.6,0.32,0.9,486.0,13.14,6099.0,4.193,1.308,285.47659,41.632717,10.6,11.049,candidate
7841925,kepler,0.9999813004935467,100.0,planet,7841925,CANDIDATE,0.840594032,131.74104,1.404,49.8,0.018,0.62,1780.0,2368.31,5440.0,4.438,0.885,297.72427,43.527431,11.6,14.48,candidate
7841925,kepler,0.9990024225562311,99.9,planet,7841925,CANDIDATE,0.840594032,131.74104,1.404,49.8,0.018,0.62,1780.0,2368.31,5440.0,4.438,0.885,297.72427,43.527431,11.6,14.48,candidate
9015738,kepler,0.9999614232592712,100.0,planet,9015738,CANDIDATE,34.775371,162.2065,2.93,38.8,0.4758,0.67,582.0,27.11,6028.0,4.459,1.047,289.50635,45.370998,5.7,11.538,candidate
6543893,kepler,0.9996574724654841,99.97,planet,6543893,CANDIDATE,3.80675878,133.7492,2.092,231.9,0.26,2.75,1574.0,1449.04,6068.0,4.04,1.797,297.58313,41.952431,10.4,15.767,candidate
6543893,kepler,0.9998537187008074,99.99,planet,6543893,CANDIDATE,3.80675878,133.7492,2.092,231.9,0.26,2.75,1574.0,1449.04,6068.0,4.04,1.797,297.58313,41.952431,10.4,15.767,candidate
6975129,kepler,0.9995359624426646,99.95,planet,6975129,CANDIDATE,37.8404232,146.77624,6.408,232.6,0.211,1.76,607.0,32.14,6243.0,4.406,1.149,298.39575,42.459751,23.7,12.949,candidate
6209677,kepler,0.9999927398700794,100.0,planet,6209677,CANDIDATE,2.53742164,132.34623,1.563,104.5,0.285,0.93,1220.0,525.68,5447.0,4.481,0.917,293.30023,41.523338,12.8,14.8,candidate
5031857,kepler,0.9989627634397164,99.9,planet,5031857,CANDIDATE,7.136922,131.75317,2.8005,221.6,0.072,1.38,956.0,197.05,6086.0,4.511,0.921,296.84616,40.138611,23.7,14.373,candidate
10028792,kepler,0.9996967894331927,99.97,planet,10028792,CANDIDATE,5.83393857,132.63426,4.5813,134.4,0.398,1.98,1285.0,642.83,5597.0,3.963,1.699,297.91687,46.96513,17.6,14.6,candidate
10028792,kepler,0.9996967894331927,99.97,planet,10028792,CANDIDATE,8.9772888,133.44748,4.72,97.5,0.702,1.79,1113.0,362.75,5597.0,3.963,1.699,297.91687,46.96513,10.3,14.6,candidate
10028792,kepler,0.9993510011572659,99.94,planet,10028792,CANDIDATE,5.83393857,132.63426,4.5813,134.4,0.398,1.98,1285.0,642.83,5597.0,3.963,1.699,297.91687,46.96513,17.6,14.6,candidate
10028792,kepler,0.9993510011572659,99.94,planet,10028792,CANDIDATE,8.9772888,133.44748,4.72,97.5,0.702,1.79,1113.0,362.75,5597.0,3.963,1.699,297.91687,46.96513,10.3,14.6,candidate
5299459,kepler,0.9999758300564303,100.0,planet,5299459,CANDIDATE,23.3397956,146.3627,1.923,125.1,0.4757,1.23,653.0,43.02,5671.0,4.36,1.084,297.79514,40.417709,4.5,14.072,candidate
11153121,kepler,0.999994317922767,100.0,planet,11153121,CANDIDATE,6.33027476,133.86213,3.67,89.2,0.3288,1.02,1046.0,283.31,5900.0,4.363,1.07,298.29495,48.775459,9.8,14.167,candidate
11153121,kepler,0.9998799994201865,99.99,planet,11153121,CANDIDATE,6.33027476,133.86213,3.67,89.2,0.3288,1.02,1046.0,283.31,5900.0,4.363,1.07,298.29495,48.775459,9.8,14.167,candidate
7663405,kepler,0.9999956290513697,100.0,planet,7663405,CANDIDATE,57.132855,152.9919,4.958,414.1,0.32,1.81,414.0,6.94,5157.0,4.445,0.904,283.47818,43.383781,11.0,15.369,candidate
5299459,kepler,0.9999990994293687,100.0,planet,5299459,CANDIDATE,23.3397956,146.3627,1.923,125.1,0.4757,1.23,653.0,43.02,5671.0,4.36,1.084,297.79514,40.417709,4.5,14.072,candidate
12266636,kepler,0.9999493488649303,99.99,planet,12266636,CANDIDATE,12.654896,134.6826,4.325,100.6,0.009,1.02,801.0,97.41,5833.0,4.407,1.022,295.80658,50.909801,10.4,14.264,candidate
5972334,kepler,0.999925822262435,99.99,planet,5972334,CANDIDATE,0.708621057,133.36565,1.5041,187.5,0.033,1.2,1846.0,2741.07,5422.0,4.484,0.887,295.28723,41.221958,30.5,14.991,candidate
4932442,kepler,0.9999386645142864,99.99,planet,4932442,CANDIDATE,5.91393977,137.17182,0.562,84.0,0.0896,1.07,1112.0,361.0,6194.0,4.415,1.129,294.17108,40.055168,2.8,14.042,candidate
5526717,kepler,0.999889559199072,99.99,planet,5526717,CANDIDATE,8.51170088,131.7557438,2.9,,,,,,,,,289.67935,40.700459,,14.279,candidate
5972334,kepler,0.9999134827267514,99.99,planet,5972334,CANDIDATE,0.708621057,133.36565,1.5041,187.5,0.033,1.2,1846.0,2741.07,5422.0,4.484,0.887,295.28723,41.221958,30.5,14.991,candidate
5542466,kepler,0.9996615154574875,99.97,planet,5542466,CANDIDATE,12.89006728,201.22989,3.555,602.5,0.082,1.93,620.0,34.99,4915.0,4.512,0.812,294.36487,40.720879,23.6,15.674,candidate
5542466,kepler,0.9996615154574875,99.97,planet,5542466,CANDIDATE,4.74666128,134.63784,2.093,256.8,0.441,1.3,865.0,132.4,4915.0,4.512,0.812,294.36487,40.720879,12.5,15.674,candidate
7512982,kepler,0.999998577966178,100.0,planet,7512982,CANDIDATE,7.00447892,137.89902,2.669,231.4,0.139,1.19,754.0,76.26,4883.0,4.515,0.808,286.74188,43.190102,9.9,15.887,candidate
5972334,kepler,0.9993299205949739,99.93,planet,5972334,CANDIDATE,0.708621057,133.36565,1.5041,187.5,0.033,1.2,1846.0,2741.07,5422.0,4.484,0.887,295.28723,41.221958,30.5,14.991,candidate
9634821,kepler,0.9995217062895236,99.95,planet,9634821,CANDIDATE,8.56267266,355.13518,1.53,608.1,0.335,2.26,768.0,82.22,5029.0,4.429,0.93,284.34274,46.316551,15.2,15.213,candidate
9634821,kepler,0.9995217062895236,99.95,planet,9634821,CANDIDATE,5.47715718,352.84857,1.3849,568.4,0.244,2.17,892.0,149.23,5029.0,4.429,0.93,284.34274,46.316551,16.7,15.213,candidate
7047922,kepler,0.9996160455243044,99.96,planet,7047922,CANDIDATE,10.5226374,140.0656,3.864,68.9,0.806,1.08,976.0,213.96,6327.0,4.327,1.175,295.75412,42.537479,8.9,14.563,candidate
5856571,kepler,0.9998935088997177,99.99,planet,5856571,CANDIDATE,80.4103783,171.29626,3.487,591.4,0.913,4.93,535.0,19.35,5476.0,3.904,1.673,284.09457,41.182819,14.0,13.237,candidate
7765528,kepler,0.999317670399057,99.93,planet,7765528,CANDIDATE,9.3888216,134.42144,4.154,192.7,1.14,20.91,963.0,202.91,5846.0,4.278,1.24,295.8287,43.425491,9.6,14.915,candidate
12301181,kepler,0.9999577957269254,100.0,planet,12301181,CANDIDATE,2.18565886,132.45418,1.966,35.6,0.394,0.44,1087.0,329.49,4997.0,4.598,0.746,287.59009,51.06057,11.1,12.906,candidate
5080636,kepler,0.9999698249209344,100.0,planet,5080636,CANDIDATE,6.35585682,137.49837,1.55,176.6,0.912,0.86,503.0,15.1,3706.0,4.747,0.522,285.01309,40.220749,9.2,14.404,candidate
8226050,kepler,0.9999950479399098,100.0,planet,8226050,CANDIDATE,18.3848331,135.4745,3.545,151.8,0.711,1.15,587.0,27.99,5083.0,4.468,0.872,289.19263,44.149319,10.3,14.685,candidate
4736569,kepler,0.999773949469119,99.98,planet,4736569,CANDIDATE,7.07394528,136.64371,2.319,228.3,0.277,0.84,647.0,41.43,4777.0,4.689,0.561,288.66891,39.824009,9.5,15.629,candidate
3128552,kepler,0.9997395133545026,99.97,planet,3128552,CANDIDATE,6.13074243,131.85782,2.84,146.1,0.9407,1.26,916.0,166.78,5741.0,4.556,0.833,294.15271,38.23304,9.9,14.523,candidate
8218379,kepler,0.9999780649362158,100.0,planet,8218379,CANDIDATE,10.1384691,137.7149,4.026,92.8,0.207,0.74,723.0,64.55,5483.0,4.589,0.779,285.12204,44.1106,9.1,14.64,candidate
9411166,kepler,0.9999672429331989,100.0,planet,9411166,CANDIDATE,15.09521323,139.474359,3.41,,,,,,,,,294.61365,45.984619,,15.356,candidate
8160953,kepler,0.9999755461751217,100.0,planet,8160953,CANDIDATE,86.049055,201.0385,29.28,429.9,0.2597,2.06,410.0,6.68,5733.0,4.432,0.997,290.14432,44.04995,8.0,14.767,candidate
4157325,kepler,0.9999765158154134,100.0,planet,4157325,CANDIDATE,24.8434837,148.1777,4.8,217.4,0.641,1.58,625.0,35.97,5670.0,4.397,1.022,291.55695,39.227291,14.2,14.028,candidate
4157325,kepler,0.9999987431423664,100.0,planet,4157325,CANDIDATE,24.8434837,148.1777,4.8,217.4,0.641,1.58,625.0,35.97,5670.0,4.397,1.022,291.55695,39.227291,14.2,14.028,candidate
4157325,kepler,0.9999904377319447,100.0,planet,4157325,CANDIDATE,24.8434837,148.1777,4.8,217.4,0.641,1.58,625.0,35.97,5670.0,4.397,1.022,291.55695,39.227291,14.2,14.028,candidate
12154526,kepler,0.9999844215794476,100.0,planet,12154526,CANDIDATE,1.72110057,132.76068,1.922,29.7,0.767,0.7,1607.0,1575.2,5700.0,4.327,1.176,288.64627,50.788979,9.3,13.351,candidate
2975770,kepler,0.9995597340638622,99.96,planet,2975770,CANDIDATE,369.069345,298.3962,5.832,945.9,0.929,3.07,197.0,0.35,4855.0,4.542,0.778,287.73755,38.114559,11.7,14.521,candidate
9973109,kepler,0.9999301826056192,99.99,planet,9973109,CANDIDATE,16.0988294,131.8764,5.686,160.2,0.017,1.14,705.0,58.53,5657.0,4.401,0.911,299.526,46.899261,10.9,14.55,candidate
10005788,kepler,0.9999830030520451,100.0,planet,10005788,CANDIDATE,6.73679732,136.4043415,2.36,,,,,,,,,289.35202,46.973728,,15.389,candidate
2832589,kepler,0.9999889140248973,100.0,planet,2832589,CANDIDATE,2.433703498,133.83759,0.975,258.3,0.952,1.66,1112.0,362.64,5251.0,4.592,0.778,286.00674,38.009541,10.2,15.409,candidate
11656918,kepler,0.9999677427201947,100.0,planet,11656918,CANDIDATE,17.1181036,136.19429,1.29,167.7,0.4346,1.22,654.0,43.25,5576.0,4.515,0.929,289.02975,49.769711,6.1,14.52,candidate
9872283,kepler,0.9997335734759284,99.97,planet,9872283,CANDIDATE,1.74610057,131.7921,1.299,54.2,0.032,1.24,1689.0,1924.75,4854.0,3.939,1.749,281.45718,46.746471,9.2,13.884,candidate
9489524,kepler,0.9999121940567387,99.99,planet,9489524,CANDIDATE,4.78850084,135.4574,2.099,66.5,0.343,0.63,889.0,147.95,5208.0,4.563,0.772,299.89651,46.051971,7.2,12.957,candidate
9489524,kepler,0.9996555674531011,99.97,planet,9489524,CANDIDATE,4.78850084,135.4574,2.099,66.5,0.343,0.63,889.0,147.95,5208.0,4.563,0.772,299.89651,46.051971,7.2,12.957,candidate
7033233,kepler,0.9999172332386017,99.99,planet,7033233,CANDIDATE,65.18703725,177.6208875,5.44,,,,,,,,,291.66928,42.59071,,15.13,candidate
7620413,kepler,0.9999605004195263,100.0,planet,7620413,CANDIDATE,3.66520844,131.50911,3.308,65.8,0.045,0.82,1168.0,439.57,5579.0,4.389,1.029,295.50269,43.232792,10.3,14.736,candidate
8261920,kepler,0.9999584457685685,100.0,planet,8261920,CANDIDATE,6.69332825,137.70324,2.311,781.8,0.952,2.44,609.0,32.54,4245.0,4.641,0.637,300.24222,44.141399,23.4,15.673,candidate
8261920,kepler,0.9999584457685685,100.0,planet,8261920,CANDIDATE,3.01609637,131.55327,1.57,196.3,0.7,0.96,795.0,94.1,4245.0,4.641,0.637,300.24222,44.141399,8.1,15.673,candidate
8261920,kepler,0.9993567818692575,99.94,planet,8261920,CANDIDATE,6.69332825,137.70324,2.311,781.8,0.952,2.44,609.0,32.54,4245.0,4.641,0.637,300.24222,44.141399,23.4,15.673,candidate
8261920,kepler,0.9993567818692575,99.94,planet,8261920,CANDIDATE,3.01609637,131.55327,1.57,196.3,0.7,0.96,795.0,94.1,4245.0,4.641,0.637,300.24222,44.141399,8.1,15.673,candidate
3734418,kepler,0.9999970733653557,100.0,planet,3734418,CANDIDATE,6.6254781,136.1733,2.358,122.0,0.2113,0.9,828.0,111.18,5211.0,4.5,0.832,287.52963,38.894508,2.7,14.11,candidate
8613535,kepler,0.9999570092657892,100.0,planet,8613535,CANDIDATE,15.5943758,140.3138,7.367,95.4,0.5,1.08,801.0,97.35,6249.0,4.428,1.076,286.97128,44.708302,11.9,14.456,candidate
12256520,kepler,0.9997110175918574,99.97,planet,12256520,CANDIDATE,7.25101997,138.1878,2.799,122.8,0.314,0.91,807.0,100.18,5382.0,4.571,0.827,290.34851,50.902851,12.2,14.477,candidate
5706595,kepler,0.9999421534187439,99.99,planet,5706595,CANDIDATE,150.381954,205.2811,4.968,396.1,0.892,2.26,325.0,2.63,5569.0,4.459,0.954,292.17114,40.916309,7.8,15.198,candidate
5706595,kepler,0.9999866049631297,100.0,planet,5706595,CANDIDATE,150.381954,205.2811,4.968,396.1,0.892,2.26,325.0,2.63,5569.0,4.459,0.954,292.17114,40.916309,7.8,15.198,candidate
8282651,kepler,0.9997771443877204,99.98,planet,8282651,CANDIDATE,4.16288745,131.67875,0.678,391.7,0.4265,1.32,763.0,80.23,4478.0,4.615,0.651,284.10779,44.245811,12.0,15.658,candidate
3548044,kepler,0.9999204953124253,99.99,planet,3548044,CANDIDATE,445.21685,202.847,16.37,211.6,0.0,1.37,237.0,0.74,5670.0,4.387,0.95,292.32645,38.657581,11.1,13.865,candidate
9221517,kepler,0.9995376555147091,99.95,planet,9221517,CANDIDATE,455.27405,367.95,2.4,366.0,0.2429,1.54,196.0,0.35,5178.0,4.556,0.818,293.1311,45.663551,4.5,13.829,candidate
5602588,kepler,0.9999947869564344,100.0,planet,5602588,CANDIDATE,6.3143447,173.3097,2.796,191.4,0.0584,1.34,1012.0,247.53,6075.0,4.486,0.969,285.72079,40.85696,6.4,15.832,candidate
5602588,kepler,0.9999947869564344,100.0,planet,5602588,CANDIDATE,7.2274321,134.4726,4.967,173.3,0.003,1.28,967.0,206.77,6075.0,4.486,0.969,285.72079,40.85696,9.2,15.832,candidate
8168187,kepler,0.9999368711073447,99.99,planet,8168187,CANDIDATE,35.502865,150.4186,8.149,115.9,0.783,2.18,724.0,64.83,5528.0,3.892,1.839,292.71445,44.082329,11.0,14.31,candidate
9904006,kepler,0.99996360809654,100.0,planet,9904006,CANDIDATE,20.1890396,142.19429,6.251,112.1,0.541,1.39,794.0,93.89,6178.0,4.269,1.267,296.80344,46.74115,15.0,13.573,candidate
6871071,kepler,0.9999735550538011,100.0,planet,6871071,CANDIDATE,7.66462913,137.38342,3.614,114.1,0.216,1.6,1106.0,353.31,5640.0,4.087,1.515,294.13791,42.370499,13.2,14.686,candidate
6871071,kepler,0.9999735550538011,100.0,planet,6871071,CANDIDATE,11.9294568,133.74078,3.193,132.3,0.3789,1.05,797.0,95.42,5975.0,4.48,0.9,294.13791,42.370499,11.7,14.686,candidate
6871071,kepler,0.9997769391922636,99.98,planet,6871071,CANDIDATE,7.66462913,137.38342,3.614,114.1,0.216,1.6,1106.0,353.31,5640.0,4.087,1.515,294.13791,42.370499,13.2,14.686,candidate
6871071,kepler,0.9997769391922636,99.98,planet,6871071,CANDIDATE,11.9294568,133.74078,3.193,132.3,0.3789,1.05,797.0,95.42,5975.0,4.48,0.9,294.13791,42.370499,11.7,14.686,candidate
6871071,kepler,0.9999589782335546,100.0,planet,6871071,CANDIDATE,7.66462913,137.38342,3.614,114.1,0.216,1.6,1106.0,353.31,5640.0,4.087,1.515,294.13791,42.370499,13.2,14.686,candidate
6871071,kepler,0.9999589782335546,100.0,planet,6871071,CANDIDATE,11.9294568,133.74078,3.193,132.3,0.3789,1.05,797.0,95.42,5975.0,4.48,0.9,294.13791,42.370499,11.7,14.686,candidate
3229150,kepler,0.9994940222277218,99.95,planet,3229150,CANDIDATE,44.7055876,149.6448,6.262,471.8,1.692,72.59,509.0,15.83,5942.0,4.506,0.938,289.84286,38.309601,12.0,15.253,candidate
8892157,kepler,0.999972832476301,100.0,planet,8892157,CANDIDATE,86.130534,200.9117,3.321,285.2,0.072,1.47,391.0,5.55,5830.0,4.54,0.876,294.18927,45.151581,3.7,14.966,candidate
7219825,kepler,0.9999838395766034,100.0,planet,7219825,CANDIDATE,362.97828,256.5011,14.083,260.6,0.055,1.96,296.0,1.81,6086.0,4.274,1.216,296.99863,42.78196,13.0,14.061,candidate
2854181,kepler,0.9996836104335244,99.97,planet,2854181,CANDIDATE,12.834857,134.37229,2.092,293.9,0.278,1.73,755.0,76.96,5492.0,4.389,1.016,291.81302,38.088181,9.4,15.331,candidate
7219825,kepler,0.9992259547176129,99.92,planet,7219825,CANDIDATE,362.97828,256.5011,14.083,260.6,0.055,1.96,296.0,1.81,6086.0,4.274,1.216,296.99863,42.78196,13.0,14.061,candidate
6768394,kepler,0.9999983317915697,100.0,planet,6768394,CANDIDATE,335.56311,340.6688,13.06,158.0,0.12,1.83,333.0,2.9,6200.0,4.16,1.448,288.96124,42.265011,7.2,13.959,candidate
6768394,kepler,0.9999925907325753,100.0,planet,6768394,CANDIDATE,335.56311,340.6688,13.06,158.0,0.12,1.83,333.0,2.9,6200.0,4.16,1.448,288.96124,42.265011,7.2,13.959,candidate
5211199,kepler,0.9994452514578684,99.94,planet,5211199,CANDIDATE,6.68231249,132.18853,3.251,48.7,0.892,2.09,1350.0,784.74,5343.0,3.764,2.506,297.65143,40.352551,12.3,13.052,candidate
5546761,kepler,0.9999738997450471,100.0,planet,5546761,CANDIDATE,15.40877383,139.4831786,3.49,,,,,,,,,295.48123,40.731979,,14.874,candidate
5978559,kepler,0.9997589980181354,99.98,planet,5978559,CANDIDATE,36.2530992,142.0377,4.73,152.1,0.721,1.43,582.0,27.17,6002.0,4.424,1.081,296.70724,41.203651,8.3,14.71,candidate
6768394,kepler,0.9997068243444212,99.97,planet,6768394,CANDIDATE,335.56311,340.6688,13.06,158.0,0.12,1.83,333.0,2.9,6200.0,4.16,1.448,288.96124,42.265011,7.2,13.959,candidate
11358389,kepler,0.9999087639178861,99.99,planet,11358389,CANDIDATE,28.2251049,153.7452,2.354,201.3,0.778,1.59,625.0,36.13,6014.0,4.436,1.021,295.62659,49.130428,8.9,14.651,candidate
6041734,kepler,0.9996762364955974,99.97,planet,6041734,CANDIDATE,6.95787,359.007,4.537,182.3,0.1686,1.39,1047.0,284.4,6240.0,4.406,1.025,291.60449,41.309361,1.8,15.28,candidate
4770617,kepler,0.9997635399215783,99.98,planet,4770617,CANDIDATE,31.4452709,154.58136,1.758,531.1,0.97,4.55,721.0,63.78,6172.0,4.198,1.471,297.47711,39.877239,12.7,14.806,candidate
10730703,kepler,0.9999827367661162,100.0,planet,10730703,CANDIDATE,46.331703,173.2164,4.514,299.9,0.1484,1.39,441.0,8.98,5477.0,4.571,0.815,291.65778,48.009312,9.4,15.378,candidate
9006186,kepler,0.9998605937763791,99.99,planet,9006186,CANDIDATE,2.19251903,132.2332,1.845,18.1,0.616,0.37,1225.0,533.25,5450.0,4.563,0.842,285.20749,45.38435,6.6,12.404,candidate
9006186,kepler,0.9999832952405421,100.0,planet,9006186,CANDIDATE,2.19251903,132.2332,1.845,18.1,0.616,0.37,1225.0,533.25,5450.0,4.563,0.842,285.20749,45.38435,6.6,12.404,candidate
11030475,kepler,0.999403441347359,99.94,planet,11030475,CANDIDATE,2.64622742,132.66343,1.407,155.5,0.478,0.99,1082.0,324.38,5167.0,4.555,0.787,292.23993,48.51157,8.4,15.498,candidate
11030475,kepler,0.999403441347359,99.94,planet,11030475,CANDIDATE,9.4907638,131.50396,2.713,197.4,0.3638,1.05,704.0,58.01,5290.0,4.604,0.746,292.23993,48.51157,7.3,15.498,candidate
11030475,kepler,0.999403441347359,99.94,planet,11030475,CANDIDATE,0.76196247,132.78371,1.282,190.2,0.322,1.08,1638.0,1710.11,5167.0,4.555,0.787,292.23993,48.51157,18.3,15.498,candidate
9006186,kepler,0.9996343973863921,99.96,planet,9006186,CANDIDATE,2.19251903,132.2332,1.845,18.1,0.616,0.37,1225.0,533.25,5450.0,4.563,0.842,285.20749,45.38435,6.6,12.404,candidate
6198182,kepler,0.9991177713139836,99.91,planet,6198182,CANDIDATE,5.1777226,133.5044,8.275,41.7,0.025,0.63,1050.0,287.44,5854.0,4.469,0.979,289.68671,41.588928,6.1,12.32,candidate
5175024,kepler,0.9994907977189136,99.95,planet,5175024,CANDIDATE,6.2614227,133.2299,4.779,51.4,0.069,0.81,1146.0,407.58,6384.0,4.361,1.121,288.09564,40.365971,10.6,13.973,candidate
9026749,kepler,0.999727194681234,99.97,planet,9026749,CANDIDATE,17.6637979,144.239,6.194,67.9,0.695,2.98,1178.0,455.65,5734.0,3.591,3.405,293.57394,45.384541,9.7,14.074,candidate
7107802,kepler,0.9999855123403639,100.0,planet,7107802,CANDIDATE,5.4675514,133.42478,3.283,87.2,0.27,1.07,1078.0,319.36,5557.0,4.288,1.151,288.58835,42.605659,10.4,14.746,candidate
11360805,kepler,0.9999195266024596,99.99,planet,11360805,CANDIDATE,57.3888262,141.62516,3.543,344.4,0.876,1.88,406.0,6.41,5242.0,4.512,0.856,296.55005,49.102322,11.9,14.803,candidate
7021681,kepler,0.9999669419490118,100.0,planet,7021681,CANDIDATE,13.6032081,140.3975,2.592,180.5,0.777,0.75,397.0,5.85,3780.0,4.746,0.511,287.85812,42.542629,9.4,15.108,candidate
9896018,kepler,0.9999856249373189,100.0,planet,9896018,CANDIDATE,10.30148508,134.88185,3.903,162.7,0.445,1.6,934.0,180.14,5887.0,4.292,1.235,293.98871,46.718021,12.6,15.147,candidate
11968463,kepler,0.9999218390822113,99.99,planet,11968463,CANDIDATE,27.9040511,154.9434,5.346,300.2,0.854,2.19,677.0,49.53,6325.0,4.409,1.112,294.33847,50.33654,12.8,15.212,candidate
11968463,kepler,0.9999218390822113,99.99,planet,11968463,CANDIDATE,6.06330298,136.17607,3.275,200.7,0.0214,1.64,1153.0,418.4,6308.0,4.353,1.153,294.33847,50.33654,13.1,15.212,candidate
11968463,kepler,0.9999218390822113,99.99,planet,11968463,CANDIDATE,86.431871,423.0356,7.374,415.1,0.95,2.85,464.0,10.97,6325.0,4.409,1.112,294.33847,50.33654,11.2,15.212,candidate
11968463,kepler,0.9998640783135558,99.99,planet,11968463,CANDIDATE,27.9040511,154.9434,5.346,300.2,0.854,2.19,677.0,49.53,6325.0,4.409,1.112,294.33847,50.33654,12.8,15.212,candidate
11968463,kepler,0.9998640783135558,99.99,planet,11968463,CANDIDATE,6.06330298,136.17607,3.275,200.7,0.0214,1.64,1153.0,418.4,6308.0,4.353,1.153,294.33847,50.33654,13.1,15.212,candidate
11968463,kepler,0.9998640783135558,99.99,planet,11968463,CANDIDATE,86.431871,423.0356,7.374,415.1,0.95,2.85,464.0,10.97,6325.0,4.409,1.112,294.33847,50.33654,11.2,15.212,candidate
7673841,kepler,0.9998559408662867,99.99,planet,7673841,CANDIDATE,7.87845756,138.58644,3.912,44.1,0.562,0.78,989.0,226.11,5767.0,4.287,1.135,288.66077,43.36808,10.5,13.455,candidate
6867555,kepler,0.9999024768509926,99.99,planet,6867555,CANDIDATE,7.5017934,138.8271,4.271,134.8,0.286,1.32,1046.0,283.25,6321.0,4.417,1.125,293.12738,42.320099,9.8,15.438,candidate
8212002,kepler,0.9996275163006721,99.96,planet,8212002,CANDIDATE,9.5539134,135.5281,5.261,26.8,0.142,0.68,1012.0,247.86,6175.0,4.299,1.307,281.83533,44.155918,13.1,11.714,candidate
7778767,kepler,0.9999154488820204,99.99,planet,7778767,CANDIDATE,2.61090223,133.25501,1.976,222.5,0.813,1.8,1323.0,724.16,5514.0,4.345,1.071,299.16953,43.44109,10.7,15.829,candidate
7289317,kepler,0.9999697723026659,100.0,planet,7289317,CANDIDATE,7.1931193,137.2737,2.935,125.6,0.296,1.12,916.0,166.3,5518.0,4.4,1.008,294.00946,42.880772,10.7,14.834,candidate
11074835,kepler,0.9996468447843331,99.96,planet,11074835,CANDIDATE,26.1152887,145.5641,12.54,70.0,0.1382,2.38,898.0,153.98,5190.0,3.63,2.912,286.71564,48.645279,10.6,13.274,candidate
1996180,kepler,0.9999785083475984,100.0,planet,1996180,CANDIDATE,5.42204257,133.46021,2.952,79.1,0.94,1.39,1222.0,527.11,6123.0,4.263,1.263,286.3443,37.411968,10.7,13.925,candidate
10916600,kepler,0.9991898740588492,99.92,planet,10916600,CANDIDATE,4.02664625,134.3954,3.771,30.0,0.094,0.68,1318.0,715.51,6187.0,4.341,1.238,290.02591,48.335949,8.9,13.383,candidate
7609553,kepler,0.9997591508212856,99.98,planet,7609553,CANDIDATE,8.85686712,134.13633,0.606,319.2,0.923,1.88,714.0,61.54,5017.0,4.516,0.797,292.4404,43.209431,11.9,14.589,candidate
10122538,kepler,0.9999959195955972,100.0,planet,10122538,CANDIDATE,75.731195,201.9685,4.859,2496.0,0.9,3.47,237.0,0.74,3891.0,4.718,0.564,283.33606,47.174541,16.3,16.279,candidate
10122538,kepler,0.9999537295609683,100.0,planet,10122538,CANDIDATE,75.731195,201.9685,4.859,2496.0,0.9,3.47,237.0,0.74,3891.0,4.718,0.564,283.33606,47.174541,16.3,16.279,candidate
6697605,kepler,0.9991772015106604,99.92,planet,6697605,CANDIDATE,1.23935745,131.85254,1.683,150.9,0.932,1.5,1583.0,1488.51,5370.0,4.411,0.966,293.56635,42.13258,9.7,15.472,candidate
10397751,kepler,0.9998769140486096,99.99,planet,10397751,CANDIDATE,4.28886792,132.37761,2.599,59.3,0.534,0.57,944.0,187.43,5374.0,4.555,0.721,288.83136,47.551991,11.1,13.851,candidate
10397751,kepler,0.9998769140486096,99.99,planet,10397751,CANDIDATE,2.90512019,132.56693,2.293,61.2,0.417,0.57,1075.0,314.96,5374.0,4.555,0.721,288.83136,47.551991,13.2,13.851,candidate
10397751,kepler,0.9998769140486096,99.99,planet,10397751,CANDIDATE,5.43103616,134.41711,2.469,66.8,0.816,0.66,873.0,137.1,5374.0,4.555,0.721,288.83136,47.551991,10.8,13.851,candidate
10397751,kepler,0.9989705139900434,99.9,planet,10397751,CANDIDATE,4.28886792,132.37761,2.599,59.3,0.534,0.57,944.0,187.43,5374.0,4.555,0.721,288.83136,47.551991,11.1,13.851,candidate
10397751,kepler,0.9989705139900434,99.9,planet,10397751,CANDIDATE,2.90512019,132.56693,2.293,61.2,0.417,0.57,1075.0,314.96,5374.0,4.555,0.721,288.83136,47.551991,13.2,13.851,candidate
10397751,kepler,0.9989705139900434,99.9,planet,10397751,CANDIDATE,5.43103616,134.41711,2.469,66.8,0.816,0.66,873.0,137.1,5374.0,4.555,0.721,288.83136,47.551991,10.8,13.851,candidate
8760040,kepler,0.9999548915578786,100.0,planet,8760040,CANDIDATE,7.35101287,133.63951,2.757,115.9,0.608,1.42,1064.0,303.08,5951.0,4.283,1.262,294.33646,44.918289,12.8,14.544,candidate
5184911,kepler,0.9999216305242048,99.99,planet,5184911,CANDIDATE,106.25976,132.2417,6.101,354.0,0.209,1.5,303.0,1.99,4827.0,4.508,0.823,291.18497,40.311211,7.7,15.141,candidate
7767162,kepler,0.9994133101208797,99.94,planet,7767162,CANDIDATE,274.743032,300.5018,9.137,309.0,0.4073,2.16,330.0,2.82,6277.0,4.306,1.207,296.29355,43.403271,12.2,13.749,candidate
4385148,kepler,0.999586776681863,99.96,planet,4385148,CANDIDATE,13.84301228,139.95334,4.077,567.8,0.052,1.98,699.0,56.45,5745.0,4.559,0.837,296.26456,39.40596,17.5,15.48,candidate
7673192,kepler,0.9999057870412691,99.99,planet,7673192,CANDIDATE,16.5340022,135.409,4.063,89.2,0.525,1.17,819.0,106.21,6052.0,4.285,1.202,288.37024,43.35461,9.3,13.268,candidate
7673192,kepler,0.9999555498193541,100.0,planet,7673192,CANDIDATE,16.5340022,135.409,4.063,89.2,0.525,1.17,819.0,106.21,6052.0,4.285,1.202,288.37024,43.35461,9.3,13.268,candidate
7673192,kepler,0.9999946177965672,100.0,planet,7673192,CANDIDATE,16.5340022,135.409,4.063,89.2,0.525,1.17,819.0,106.21,6052.0,4.285,1.202,288.37024,43.35461,9.3,13.268,candidate
7673192,kepler,0.9998496278101325,99.98,planet,7673192,CANDIDATE,16.5340022,135.409,4.063,89.2,0.525,1.17,819.0,106.21,6052.0,4.285,1.202,288.37024,43.35461,9.3,13.268,candidate
10793172,kepler,0.9996462317342035,99.96,planet,10793172,CANDIDATE,7.9788198,132.2596,2.874,83.8,0.05,0.99,927.0,174.85,5553.0,4.33,1.098,290.20163,48.185822,8.3,14.754,candidate
10793172,kepler,0.9996462317342035,99.96,planet,10793172,CANDIDATE,18.0811429,140.5222,4.44,71.2,0.6214,0.75,638.0,39.18,5693.0,4.551,0.856,290.20163,48.185822,5.7,14.754,candidate
10793172,kepler,0.9998928515537786,99.99,planet,10793172,CANDIDATE,7.9788198,132.2596,2.874,83.8,0.05,0.99,927.0,174.85,5553.0,4.33,1.098,290.20163,48.185822,8.3,14.754,candidate
10793172,kepler,0.9998928515537786,99.99,planet,10793172,CANDIDATE,18.0811429,140.5222,4.44,71.2,0.6214,0.75,638.0,39.18,5693.0,4.551,0.856,290.20163,48.185822,5.7,14.754,candidate
9886361,kepler,0.9999893359306783,100.0,planet,9886361,CANDIDATE,24.5607107,146.7938,8.679,55.2,0.374,1.13,787.0,90.55,6170.0,4.192,1.499,289.92145,46.74456,14.9,12.805,candidate
9886361,kepler,0.999932049028639,99.99,planet,9886361,CANDIDATE,24.5607107,146.7938,8.679,55.2,0.374,1.13,787.0,90.55,6170.0,4.192,1.499,289.92145,46.74456,14.9,12.805,candidate
6779260,kepler,0.9999502285786175,100.0,planet,6779260,CANDIDATE,2.2165905,131.5607,1.0,28.7,0.703,0.48,1215.0,515.27,5397.0,4.543,0.831,292.38855,42.233261,2.8,11.799,candidate
4831728,kepler,0.9999752222756726,100.0,planet,4831728,CANDIDATE,7.0956395,135.0007,3.465,108.1,0.06,1.2,989.0,225.73,5480.0,4.26,1.174,290.57672,39.95689,10.5,15.017,candidate
5881813,kepler,0.9999050116626031,99.99,planet,5881813,CANDIDATE,11.615625,131.96843,2.233,191.2,0.977,2.84,905.0,158.69,5332.0,4.083,1.453,293.52756,41.111439,8.8,15.162,candidate
6436029,kepler,0.9998475582709441,99.98,planet,6436029,CANDIDATE,505.462916,458.07755,10.127,1724.0,0.489,3.46,181.0,0.25,4817.0,4.499,0.833,289.53882,41.892818,17.6,15.768,candidate
6716545,kepler,0.999598014229231,99.96,planet,6716545,CANDIDATE,145.881936,194.6951,11.342,156.9,0.325,1.8,424.0,7.63,6052.0,4.183,1.424,297.94476,42.191879,11.2,13.716,candidate
6716545,kepler,0.999598014229231,99.96,planet,6716545,CANDIDATE,21.9424316,143.8807,7.447,72.7,0.413,1.23,797.0,95.46,6052.0,4.183,1.424,297.94476,42.191879,10.7,13.716,candidate
6964929,kepler,0.9994757789108687,99.95,planet,6964929,CANDIDATE,5.06993245,135.836,3.241,93.6,0.3584,0.92,1053.0,291.11,5957.0,4.506,0.937,296.23282,42.47279,11.6,14.758,candidate
6029239,kepler,0.9999869613299865,100.0,planet,6029239,CANDIDATE,5.518195,136.584,1.81,27.1,0.243,0.46,969.0,208.54,5767.0,4.538,0.881,287.08997,41.373878,5.2,12.549,candidate
9020114,kepler,0.9991982301566389,99.92,planet,9020114,CANDIDATE,67.8766605,187.3703,2.598,389.2,0.0011,1.92,455.0,10.11,6018.0,4.485,0.975,291.16437,45.318291,9.1,14.953,candidate
11623629,kepler,0.9999619994290793,100.0,planet,11623629,CANDIDATE,117.761,175.5599,3.454,53.9,0.2505,0.62,337.0,3.06,5564.0,4.522,0.85,297.48691,49.623451,7.1,11.195,candidate
12406807,kepler,0.9991968164813013,99.92,planet,12406807,CANDIDATE,7.9069765,138.427,4.634,126.1,0.038,1.13,994.0,230.28,6347.0,4.464,0.996,290.88831,51.248169,8.3,15.372,candidate
8709688,kepler,0.9999193106055597,99.99,planet,8709688,CANDIDATE,2.012094,131.5688,2.157,74.8,0.066,0.99,1523.0,1274.27,5633.0,4.296,1.162,298.40137,44.838181,9.1,14.927,candidate
8121310,kepler,0.9998437107671335,99.98,planet,8121310,CANDIDATE,11.505879,136.2363,5.583,49.8,0.029,0.99,1000.0,236.35,6336.0,4.266,1.403,298.81638,43.998039,12.5,12.885,candidate
5695396,kepler,0.999957434076082,100.0,planet,5695396,CANDIDATE,9.48814747,139.17907,1.163,47.9,0.5693,0.73,856.0,126.75,5680.0,4.414,1.016,288.53082,40.942299,11.1,11.525,candidate
10285631,kepler,0.999895458329967,99.99,planet,10285631,CANDIDATE,10.52286678,137.78844,1.911,130.2,1.12,23.26,1008.0,243.72,5548.0,4.038,1.614,296.18344,47.358761,10.1,13.497,candidate
5695396,kepler,0.9993042977559019,99.93,planet,5695396,CANDIDATE,9.48814747,139.17907,1.163,47.9,0.5693,0.73,856.0,126.75,5680.0,4.414,1.016,288.53082,40.942299,11.1,11.525,candidate
10290666,kepler,0.9999775178610273,100.0,planet,10290666,CANDIDATE,6.86674226,135.3543,4.216,47.2,0.405,0.79,1018.0,254.1,5914.0,4.396,1.135,297.65094,47.39629,12.3,13.046,candidate
8827575,kepler,0.9998636628267902,99.99,planet,8827575,CANDIDATE,10.12956201,135.99804,3.044,81.3,0.544,0.78,736.0,69.43,5383.0,4.528,0.842,295.09027,45.081181,12.2,13.573,candidate
2716801,kepler,0.9996125191896272,99.96,planet,2716801,CANDIDATE,9.4767057,134.7294,3.893,230.5,0.003,1.38,841.0,118.13,5911.0,4.519,0.914,292.25464,37.97142,8.6,15.761,candidate
10545066,kepler,0.999939405793806,99.99,planet,10545066,CANDIDATE,154.607419,250.5204,9.225,279.9,0.0898,1.56,340.0,3.16,6017.0,4.508,0.931,295.68481,47.748081,13.4,13.936,candidate
1717722,kepler,0.9998397691571385,99.98,planet,1717722,CANDIDATE,0.977311489,131.70299,1.403,250.7,0.01,1.06,1331.0,737.36,4805.0,4.633,0.688,290.61798,37.289089,14.8,15.689,candidate
4857058,kepler,0.9989652613961195,99.9,planet,4857058,CANDIDATE,77.915425,160.9193,8.274,178.8,0.448,1.17,367.0,4.28,5135.0,4.464,0.874,297.04208,39.912231,9.2,14.316,candidate
11566064,kepler,0.9998876229633096,99.99,planet,11566064,CANDIDATE,152.1060435,176.52741,7.4517,3688.3,0.878,11.58,458.0,10.36,6200.0,4.072,1.64,295.21268,49.56218,116.3,13.374,candidate
11566064,kepler,0.9998876229633096,99.99,planet,11566064,CANDIDATE,11.1619384,133.5538,5.195,124.4,0.739,1.97,1093.0,337.23,6200.0,4.072,1.64,295.21268,49.56218,13.4,13.374,candidate
12785320,kepler,0.9999763442662293,100.0,planet,12785320,CANDIDATE,57.3840375,170.72723,4.336,241.7,0.954,1.62,397.0,5.85,5250.0,4.541,0.79,290.49426,52.055519,22.9,12.713,candidate
6103377,kepler,0.9989498401129263,99.89,planet,6103377,CANDIDATE,7.03965141,137.41892,3.141,268.7,0.778,2.72,1171.0,445.49,5902.0,4.128,1.513,283.94244,41.4716,9.8,14.935,candidate
8162789,kepler,0.9995117192151818,99.95,planet,8162789,CANDIDATE,10.8206034,140.5078,2.848,116.7,0.592,1.19,885.0,145.06,6032.0,4.387,1.06,290.73517,44.09132,7.3,14.633,candidate
9478990,kepler,0.9998610239896307,99.99,planet,9478990,CANDIDATE,360.477635,253.9112,4.332,604.0,72.848,11943.8,339.0,3.11,6266.0,4.101,1.522,296.96027,46.034302,7.3,14.327,candidate
10717241,kepler,0.9999870075119404,100.0,planet,10717241,CANDIDATE,9.340538,135.12248,2.57,200.8,0.074,0.84,530.0,18.69,4200.0,4.664,0.607,285.48505,48.054321,11.1,14.897,candidate
11709124,kepler,0.999992917321424,100.0,planet,11709124,CANDIDATE,934.09418462,657.26877,17.489,8709.6,0.4948,7.89,177.0,0.23,5937.0,4.559,0.832,289.78052,49.89653,135.5,14.534,candidate
3559935,kepler,0.9998294278559827,99.98,planet,3559935,CANDIDATE,265.29617,297.8704,4.1,608.0,0.3323,2.99,302.0,1.97,5589.0,4.27,1.218,295.18292,38.654228,5.9,14.424,candidate
10718726,kepler,0.9999899824396595,100.0,planet,10718726,CANDIDATE,294.055263,421.853,14.32,770.0,0.0617,2.8,288.0,1.64,6108.0,4.453,1.011,286.24982,48.06094,21.1,14.827,candidate
9958962,kepler,0.9999235457302623,99.99,planet,9958962,CANDIDATE,240.192808,168.3047,9.72,605.8,0.814,2.68,298.0,1.86,6004.0,4.484,0.977,294.98914,46.838329,12.0,14.957,candidate
9958962,kepler,0.9999807683060068,100.0,planet,9958962,CANDIDATE,240.192808,168.3047,9.72,605.8,0.814,2.68,298.0,1.86,6004.0,4.484,0.977,294.98914,46.838329,12.0,14.957,candidate
12116489,kepler,0.9999677765580718,100.0,planet,12116489,CANDIDATE,7.34672485,134.5155,2.136,143.0,0.2525,0.97,784.0,89.33,5271.0,4.578,0.821,294.5704,50.673019,10.1,14.773,candidate
12600735,kepler,0.9999906367305698,100.0,planet,12600735,CANDIDATE,6.0799457,136.444,2.706,55.1,0.097,0.86,1101.0,348.11,6008.0,4.35,1.168,289.50067,51.68573,7.3,14.02,candidate
9958962,kepler,0.9999941428483311,100.0,planet,9958962,CANDIDATE,240.192808,168.3047,9.72,605.8,0.814,2.68,298.0,1.86,6004.0,4.484,0.977,294.98914,46.838329,12.0,14.957,candidate
8043638,kepler,0.9999299059455906,99.99,planet,8043638,CANDIDATE,36.0484798,150.0591,5.763,127.6,0.294,1.24,566.0,24.28,5602.0,4.33,1.1,296.63684,43.802792,8.5,14.743,candidate
7119481,kepler,0.999952305759448,100.0,planet,7119481,CANDIDATE,42.068554,165.0211,5.723,186.3,0.022,1.32,541.0,20.28,6122.0,4.487,0.964,292.31601,42.626251,9.8,14.718,candidate
7119481,kepler,0.999952305759448,100.0,planet,7119481,CANDIDATE,14.1573717,135.5991,3.786,130.0,0.138,1.1,778.0,86.67,6122.0,4.487,0.964,292.31601,42.626251,9.3,14.718,candidate
6508221,kepler,0.9999924160431766,100.0,planet,6508221,CANDIDATE,9.74765878,139.16424,2.62,102.0,0.658,0.78,679.0,50.3,5176.0,4.612,0.738,286.86548,41.989079,11.6,14.29,candidate
6508221,kepler,0.9999924160431766,100.0,planet,6508221,CANDIDATE,31.5322987,160.3251,3.49,106.4,0.0671,0.74,461.0,10.65,5183.0,4.608,0.739,286.86548,41.989079,7.8,14.29,candidate
6508221,kepler,0.9999852798703971,100.0,planet,6508221,CANDIDATE,9.74765878,139.16424,2.62,102.0,0.658,0.78,679.0,50.3,5176.0,4.612,0.738,286.86548,41.989079,11.6,14.29,candidate
6508221,kepler,0.9999852798703971,100.0,planet,6508221,CANDIDATE,31.5322987,160.3251,3.49,106.4,0.0671,0.74,461.0,10.65,5183.0,4.608,0.739,286.86548,41.989079,7.8,14.29,candidate
12116489,kepler,0.999013752579692,99.9,planet,12116489,CANDIDATE,7.34672485,134.5155,2.136,143.0,0.2525,0.97,784.0,89.33,5271.0,4.578,0.821,294.5704,50.673019,10.1,14.773,candidate
10265898,kepler,0.9997659825962419,99.98,planet,10265898,CANDIDATE,3.29534567,132.48799,1.902,141.9,0.729,1.23,1139.0,397.37,5550.0,4.5,0.954,288.32791,47.381592,10.4,15.342,candidate
10265898,kepler,0.9996806297866909,99.97,planet,10265898,CANDIDATE,3.29534567,132.48799,1.902,141.9,0.729,1.23,1139.0,397.37,5550.0,4.5,0.954,288.32791,47.381592,10.4,15.342,candidate
10272442,kepler,0.999983639216008,100.0,planet,10272442,CANDIDATE,70.2780911,151.32941,2.466,781.6,0.07,2.54,434.0,8.38,5955.0,4.52,0.91,291.1973,47.3078,14.9,15.344,candidate
5531694,kepler,0.9999933691693195,100.0,planet,5531694,CANDIDATE,8.1134681,132.8253,4.961,40.5,0.454,0.92,1127.0,381.27,6011.0,4.123,1.409,291.19507,40.702702,10.5,13.55,candidate
5613330,kepler,0.9999870022696887,100.0,planet,5613330,CANDIDATE,10.2090268,140.6805,6.264,36.7,0.213,0.92,1058.0,296.42,6188.0,4.196,1.524,289.77325,40.80072,9.8,13.31,candidate
4832837,kepler,0.9999384533467031,99.99,planet,4832837,CANDIDATE,5.06546874,131.94499,2.203,121.1,0.477,0.62,592.0,29.01,3939.0,4.705,0.557,290.92731,39.91415,10.4,14.915,candidate
4478168,kepler,0.9999535284906633,100.0,planet,4478168,CANDIDATE,8.0292018,132.8283,3.462,65.6,0.51,0.99,1040.0,276.27,6063.0,4.29,1.191,295.19339,39.539669,11.7,13.49,candidate
9334893,kepler,0.9992495191216153,99.92,planet,9334893,CANDIDATE,16.6671415,141.76551,3.526,175.0,0.444,0.7,469.0,11.47,4729.0,4.726,0.525,288.45605,45.80212,17.9,13.831,candidate
9334893,kepler,0.9992495191216153,99.92,planet,9334893,CANDIDATE,2.47240869,132.44084,1.87,47.5,0.319,0.36,887.0,145.69,4729.0,4.726,0.525,288.45605,45.80212,9.0,13.831,candidate
10000941,kepler,0.9999449696846671,99.99,planet,10000941,CANDIDATE,2.5738437,132.17126,1.92,46.6,0.044,0.57,1129.0,384.24,5115.0,4.477,0.854,286.81937,46.91169,10.9,13.632,candidate
3937814,kepler,0.9996733100119894,99.97,planet,3937814,CANDIDATE,10.72900793,134.68026,0.696,404.3,0.2652,1.78,722.0,64.33,5375.0,4.541,0.876,286.05243,39.09605,10.1,15.188,candidate
3937814,kepler,0.9996733100119894,99.97,planet,3937814,CANDIDATE,8.19619768,135.10435,2.109,197.4,0.781,1.55,851.0,123.81,5323.0,4.378,0.995,286.05243,39.09605,9.3,15.188,candidate
4548098,kepler,0.9986671360491571,99.87,planet,4548098,CANDIDATE,5.215752,133.404,1.13,46.8,0.729,0.83,1156.0,422.67,6202.0,4.422,1.122,287.41006,39.65868,5.1,12.692,candidate
4770617,kepler,0.9999261440819349,99.99,planet,4770617,CANDIDATE,31.4452709,154.58136,1.758,531.1,0.97,4.55,721.0,63.78,6172.0,4.198,1.471,297.47711,39.877239,12.7,14.806,candidate
11709124,kepler,0.9999983469084626,100.0,planet,11709124,CANDIDATE,934.09418462,657.26877,17.489,8709.6,0.4948,7.89,177.0,0.23,5937.0,4.559,0.832,289.78052,49.89653,135.5,14.534,candidate
5688683,kepler,0.9996148205073802,99.96,planet,5688683,CANDIDATE,4.44902309,131.75425,1.373,88.9,0.034,0.55,699.0,56.19,4353.0,4.681,0.603,285.69,40.99453,10.4,13.435,candidate
7100673,kepler,0.9999627051811484,100.0,planet,7100673,CANDIDATE,7.23524221,135.23173,2.685,60.0,0.182,0.82,948.0,191.14,5574.0,4.354,1.065,285.72849,42.65453,15.2,12.639,candidate
7100673,kepler,0.9999756562028584,100.0,planet,7100673,CANDIDATE,7.23524221,135.23173,2.685,60.0,0.182,0.82,948.0,191.14,5574.0,4.354,1.065,285.72849,42.65453,15.2,12.639,candidate
3747817,kepler,0.9997240959051213,99.97,planet,3747817,CANDIDATE,14.2378417,140.4771,4.86,193.0,0.314,1.1,629.0,37.02,5273.0,4.566,0.801,291.67682,38.874908,10.5,14.838,candidate
10089911,kepler,0.9991669659230045,99.92,planet,10089911,CANDIDATE,11.6089351,142.73625,2.957,199.6,1.105,46.44,1496.0,1184.51,6303.0,3.595,3.53,297.1243,47.037022,8.7,13.487,candidate
3548044,kepler,0.999937260144623,99.99,planet,3548044,CANDIDATE,445.21685,202.847,16.37,211.6,0.0,1.37,237.0,0.74,5670.0,4.387,0.95,292.32645,38.657581,11.1,13.865,candidate
11709124,kepler,0.9999888001688197,100.0,planet,11709124,CANDIDATE,934.09418462,657.26877,17.489,8709.6,0.4948,7.89,177.0,0.23,5937.0,4.559,0.832,289.78052,49.89653,135.5,14.534,candidate
8613535,kepler,0.9999529153297888,100.0,planet,8613535,CANDIDATE,15.5943758,140.3138,7.367,95.4,0.5,1.08,801.0,97.35,6249.0,4.428,1.076,286.97128,44.708302,11.9,14.456,candidate
1724719,kepler,0.9996474666822657,99.96,planet,1724719,CANDIDATE,10.0989634,132.3351,6.428,57.0,0.529,1.03,1016.0,251.36,6174.0,4.244,1.318,292.20471,37.221218,8.9,13.96,candidate
4548011,kepler,0.9995586816536312,99.96,planet,4548011,CANDIDATE,13.9509565,144.287,5.231,35.7,0.467,0.75,849.0,122.88,5888.0,4.275,1.227,287.37125,39.603569,11.2,12.4,candidate
4548011,kepler,0.9995586816536312,99.96,planet,4548011,CANDIDATE,9.08745206,139.99222,3.786,35.1,0.341,0.73,980.0,217.95,5888.0,4.275,1.227,287.37125,39.603569,11.7,12.4,candidate
8773015,kepler,0.9986173269908623,99.86,planet,8773015,CANDIDATE,6.31915999,134.14866,3.465,34.4,0.575,1.04,1369.0,829.72,6254.0,4.019,1.706,298.20261,44.925831,9.8,13.096,candidate
9886361,kepler,0.999983396256691,100.0,planet,9886361,CANDIDATE,24.5607107,146.7938,8.679,55.2,0.374,1.13,787.0,90.55,6170.0,4.192,1.499,289.92145,46.74456,14.9,12.805,candidate
6937529,kepler,0.9993337403119273,99.93,planet,6937529,CANDIDATE,3.98167088,134.9767,3.609,44.7,0.2076,0.79,1356.0,798.79,6484.0,4.377,1.173,288.16397,42.481079,10.3,14.144,candidate
5177859,kepler,0.9985520070054416,99.86,planet,5177859,CANDIDATE,8.75630628,132.47009,2.852,81.9,0.371,1.12,982.0,219.87,5839.0,4.279,1.227,289.07397,40.366009,9.8,13.382,candidate
9883606,kepler,0.9989903188715517,99.9,planet,9883606,CANDIDATE,2.58393841,131.80729,2.169,49.4,0.229,0.77,1470.0,1103.3,6164.0,4.378,1.09,288.46909,46.78368,8.5,13.874,candidate
3645438,kepler,0.9995751863154674,99.96,planet,3645438,CANDIDATE,17.3695112,136.6159,4.012,314.0,0.28,1.45,588.0,28.35,5119.0,4.508,0.834,291.39938,38.78775,8.6,15.825,candidate
9896018,kepler,0.9995903894871763,99.96,planet,9896018,CANDIDATE,10.30148508,134.88185,3.903,162.7,0.445,1.6,934.0,180.14,5887.0,4.292,1.235,293.98871,46.718021,12.6,15.147,candidate
9828127,kepler,0.9999289473819116,99.99,planet,9828127,CANDIDATE,32.0273169,150.635,5.144,161.7,0.259,1.14,525.0,17.95,5505.0,4.501,0.909,290.58612,46.642689,8.8,15.004,candidate
8890924,kepler,0.9996358961217867,99.96,planet,8890924,CANDIDATE,4.4408541,135.2744,8.083,33.9,0.005,1.74,1642.0,1719.2,5159.0,3.604,3.062,293.79684,45.160728,12.0,13.263,candidate
7673841,kepler,0.9990904640528852,99.91,planet,7673841,CANDIDATE,7.87845756,138.58644,3.912,44.1,0.562,0.78,989.0,226.11,5767.0,4.287,1.135,288.66077,43.36808,10.5,13.455,candidate
11968463,kepler,0.9996311802668483,99.96,planet,11968463,CANDIDATE,27.9040511,154.9434,5.346,300.2,0.854,2.19,677.0,49.53,6325.0,4.409,1.112,294.33847,50.33654,12.8,15.212,candidate
11968463,kepler,0.9996311802668483,99.96,planet,11968463,CANDIDATE,6.06330298,136.17607,3.275,200.7,0.0214,1.64,1153.0,418.4,6308.0,4.353,1.153,294.33847,50.33654,13.1,15.212,candidate
11968463,kepler,0.9996311802668483,99.96,planet,11968463,CANDIDATE,86.431871,423.0356,7.374,415.1,0.95,2.85,464.0,10.97,6325.0,4.409,1.112,294.33847,50.33654,11.2,15.212,candidate
11284772,kepler,0.9996353847530579,99.96,planet,11284772,CANDIDATE,4.50158249,134.1153,1.855,175.7,0.016,0.73,676.0,49.21,4339.0,4.711,0.553,284.56689,49.01255,9.7,15.142,candidate
9100953,kepler,0.9991279929451691,99.91,planet,9100953,CANDIDATE,14.7510068,141.1622,2.25,381.1,0.75,1.7,629.0,36.94,5295.0,4.548,0.8,295.90503,45.40543,9.5,15.85,candidate
4735826,kepler,0.9992608216929916,99.93,planet,4735826,CANDIDATE,4.02018903,134.84387,3.616,18.5,0.505,0.6,1337.0,754.66,5788.0,4.178,1.376,288.39529,39.872627,14.4,11.158,candidate
9100953,kepler,0.9996830731479905,99.97,planet,9100953,CANDIDATE,14.7510068,141.1622,2.25,381.1,0.75,1.7,629.0,36.94,5295.0,4.548,0.8,295.90503,45.40543,9.5,15.85,candidate
5003670,kepler,0.9993969781623028,99.94,planet,5003670,CANDIDATE,4.52628739,134.32065,3.736,99.6,0.5,1.02,1089.0,332.79,5700.0,4.434,1.006,289.5484,40.1642,12.5,14.955,candidate
5003670,kepler,0.9993969781623028,99.94,planet,5003670,CANDIDATE,3.33930957,134.15098,2.597,91.3,0.934,1.2,1205.0,498.37,5700.0,4.434,1.006,289.5484,40.1642,10.7,14.955,candidate
6276791,kepler,0.9989909127966528,99.9,planet,6276791,CANDIDATE,5.30179786,135.9927,2.24,197.2,0.357,1.22,973.0,211.8,5749.0,4.547,0.864,289.10422,41.69014,11.5,15.466,candidate
7983117,kepler,0.9994966814838587,99.95,planet,7983117,CANDIDATE,25.0901574,138.4988,8.273,37.7,0.935,1.35,852.0,124.33,6033.0,3.985,1.788,298.67377,43.795479,12.1,12.014,candidate
8397947,kepler,0.9991488162473059,99.91,planet,8397947,CANDIDATE,3.38080537,133.94842,3.275,200.9,0.067,1.69,1362.0,814.73,6072.0,4.343,1.193,301.57855,44.31218,11.6,15.514,candidate
8331612,kepler,0.9991151516004757,99.91,planet,8331612,CANDIDATE,25.6970688,144.2286,3.739,835.0,0.943,3.83,658.0,44.24,6020.0,4.403,1.057,301.27869,44.25053,6.4,15.842,candidate
8280511,kepler,0.9993482912934369,99.93,planet,8280511,CANDIDATE,17.4532945,146.66244,4.027,79.3,0.357,0.76,639.0,39.42,5528.0,4.499,0.853,283.00296,44.284229,12.0,13.404,candidate
8280511,kepler,0.9993482912934369,99.93,planet,8280511,CANDIDATE,21.7203362,134.7659,4.252,87.8,0.311,0.8,594.0,29.45,5528.0,4.499,0.853,283.00296,44.284229,12.0,13.404,candidate
7285757,kepler,0.9993472469844565,99.93,planet,7285757,CANDIDATE,7.41834569,133.51738,2.462,234.0,0.049,1.12,800.0,96.9,5549.0,4.6,0.732,292.95819,42.854889,11.2,15.717,candidate
4645174,kepler,0.9993539395877777,99.94,planet,4645174,CANDIDATE,34.7496038,158.68412,4.548,227.1,0.984,3.51,702.0,57.44,5849.0,4.076,1.601,288.88333,39.74456,11.4,14.606,candidate
11657614,kepler,0.9991774544331967,99.92,planet,11657614,CANDIDATE,24.352541,147.1949,2.782,349.1,0.505,1.52,498.0,14.52,4891.0,4.516,0.805,289.43896,49.73122,5.8,14.779,candidate
3559860,kepler,0.9989478350772789,99.89,planet,3559860,CANDIDATE,58.940569,159.6218,4.769,570.3,0.643,2.48,465.0,11.06,5819.0,4.468,0.99,295.16721,38.637081,9.2,15.606,candidate
6705026,kepler,0.9988028180672056,99.88,planet,6705026,CANDIDATE,34.1086562,158.431,6.405,133.8,0.318,1.95,739.0,70.4,6144.0,4.106,1.668,295.40979,42.150829,11.7,14.44,candidate
6975129,kepler,0.9999750599582135,100.0,planet,6975129,CANDIDATE,37.8404232,146.77624,6.408,232.6,0.211,1.76,607.0,32.14,6243.0,4.406,1.149,298.39575,42.459751,23.7,12.949,candidate
8644365,kepler,0.9998834557196705,99.99,planet,8644365,CANDIDATE,10.54841329,139.06402,1.872,102.9,1.017,3.89,899.0,154.84,6047.0,4.387,1.092,298.09543,44.737061,11.7,13.204,candidate
6364582,kepler,0.9997270756744868,99.97,planet,6364582,CANDIDATE,486.12702,426.1722,9.495,120.6,0.3621,1.18,249.0,0.91,6008.0,4.373,1.062,292.00204,41.786961,8.1,12.988,candidate
3561464,kepler,0.9993306282414933,99.93,planet,3561464,CANDIDATE,4.32710579,131.5891,3.872,84.1,0.025,3.58,2004.0,3805.87,5745.0,3.499,3.955,295.49811,38.644501,9.5,13.489,candidate
3561464,kepler,0.9994476702651882,99.94,planet,3561464,CANDIDATE,4.32710579,131.5891,3.872,84.1,0.025,3.58,2004.0,3805.87,5745.0,3.499,3.955,295.49811,38.644501,9.5,13.489,candidate
5531953,kepler,0.9991714577178901,99.92,planet,5531953,CANDIDATE,6.93910337,138.33927,2.977,614.7,0.966,1.41,445.0,9.28,3638.0,4.844,0.42,291.285,40.730049,22.9,15.855,candidate
5531953,kepler,0.9991714577178901,99.92,planet,5531953,CANDIDATE,3.53105835,134.3171,1.778,310.8,1.213,10.61,558.0,22.83,3638.0,4.844,0.42,291.285,40.730049,11.7,15.855,candidate
5531953,kepler,0.9991714577178901,99.92,planet,5531953,CANDIDATE,21.9139549,148.52144,3.271,584.4,1.2,10.39,303.0,2.01,3638.0,4.844,0.42,291.285,40.730049,11.8,15.855,candidate
9995771,kepler,0.9994232665111145,99.94,planet,9995771,CANDIDATE,15.0617835,140.1111,6.31,196.6,0.114,1.61,794.0,94.08,5806.0,4.321,1.158,283.79782,46.931,12.1,15.386,candidate
11810124,kepler,0.9999151835210627,99.99,planet,11810124,CANDIDATE,208.54335,230.9934,9.851,614.6,0.001,2.84,321.0,2.52,5533.0,4.275,1.166,289.66489,50.020039,10.4,15.254,candidate
11810124,kepler,0.9999146587349377,99.99,planet,11810124,CANDIDATE,208.54335,230.9934,9.851,614.6,0.001,2.84,321.0,2.52,5533.0,4.275,1.166,289.66489,50.020039,10.4,15.254,candidate
9349757,kepler,0.9995161866593376,99.95,planet,9349757,CANDIDATE,17.7189786,138.8021,4.102,176.8,0.05,1.44,713.0,61.01,5566.0,4.329,1.099,294.69406,45.86684,9.7,15.246,candidate
9117416,kepler,0.9997072041258203,99.97,planet,9117416,CANDIDATE,7.64370363,137.87526,2.738,70.9,0.785,1.85,1334.0,748.7,6120.0,3.934,2.0,300.31619,45.49538,13.2,13.266,candidate
9117416,kepler,0.9996561763670063,99.97,planet,9117416,CANDIDATE,7.64370363,137.87526,2.738,70.9,0.785,1.85,1334.0,748.7,6120.0,3.934,2.0,300.31619,45.49538,13.2,13.266,candidate
7517261,kepler,0.9992044932165357,99.92,planet,7517261,CANDIDATE,8.5433774,137.9895,6.149,75.1,0.748,1.58,1260.0,595.97,6602.0,4.108,1.685,288.4212,43.179794,10.3,13.932,candidate
9230021,kepler,0.9996132551746066,99.96,planet,9230021,CANDIDATE,44.433726,162.9825,6.118,239.6,0.624,1.85,538.0,19.73,5596.0,4.298,1.145,296.19614,45.634331,8.0,15.364,candidate
9230021,kepler,0.9996132551746066,99.96,planet,9230021,CANDIDATE,15.8283833,144.3927,3.643,227.5,0.623,1.8,758.0,78.2,5596.0,4.298,1.145,296.19614,45.634331,9.8,15.364,candidate
6058816,kepler,0.999687946063798,99.97,planet,6058816,CANDIDATE,4.7482669,135.8003,4.947,35.6,0.673,1.57,1690.0,1927.62,6056.0,3.797,2.481,296.35461,41.33556,12.1,13.214,candidate
11709124,kepler,0.9999626842591457,100.0,planet,11709124,CANDIDATE,934.09418462,657.26877,17.489,8709.6,0.4948,7.89,177.0,0.23,5937.0,4.559,0.832,289.78052,49.89653,135.5,14.534,candidate
3128552,kepler,0.9999826494068942,100.0,planet,3128552,CANDIDATE,6.13074243,131.85782,2.84,146.1,0.9407,1.26,916.0,166.78,5741.0,4.556,0.833,294.15271,38.23304,9.9,14.523,candidate
3128552,kepler,0.9999904951525244,100.0,planet,3128552,CANDIDATE,6.13074243,131.85782,2.84,146.1,0.9407,1.26,916.0,166.78,5741.0,4.556,0.833,294.15271,38.23304,9.9,14.523,candidate
11253711,kepler,0.9999842237669502,100.0,planet,11253711,CANDIDATE,17.79108667,149.25344,2.662,414.2,0.654,2.88,830.0,112.09,5855.0,4.148,1.34,296.08975,48.955372,39.8,13.8,candidate
9489524,kepler,0.9989739798612134,99.9,planet,9489524,CANDIDATE,4.78850084,135.4574,2.099,66.5,0.343,0.63,889.0,147.95,5208.0,4.563,0.772,299.89651,46.051971,7.2,12.957,candidate
11709124,kepler,0.9999906203357474,100.0,planet,11709124,CANDIDATE,934.09418462,657.26877,17.489,8709.6,0.4948,7.89,177.0,0.23,5937.0,4.559,0.832,289.78052,49.89653,135.5,14.534,candidate
4164922,kepler,0.9999033137028911,99.99,planet,4164922,CANDIDATE,18.2572722,134.44527,3.434,157.5,0.412,0.94,547.0,21.16,5014.0,4.559,0.756,293.34497,39.257809,17.3,12.914,candidate
4472818,kepler,0.9999366599218493,99.99,planet,4472818,CANDIDATE,15.3573445,132.60166,1.634,117.1,0.966,1.42,729.0,66.65,5818.0,4.464,0.986,293.88541,39.51981,9.6,12.72,candidate
9411166,kepler,0.9999939059453361,100.0,planet,9411166,CANDIDATE,15.09521323,139.474359,3.41,,,,,,,,,294.61365,45.984619,,15.356,candidate
12154526,kepler,0.999973633586152,100.0,planet,12154526,CANDIDATE,1.72110057,132.76068,1.922,29.7,0.767,0.7,1607.0,1575.2,5700.0,4.327,1.176,288.64627,50.788979,9.3,13.351,candidate
11358389,kepler,0.999938313435363,99.99,planet,11358389,CANDIDATE,28.2251049,153.7452,2.354,201.3,0.778,1.59,625.0,36.13,6014.0,4.436,1.021,295.62659,49.130428,8.9,14.651,candidate
9602613,kepler,0.9991108900247859,99.91,planet,9602613,CANDIDATE,7.57299816,131.94317,2.645,30.2,0.411,0.53,875.0,138.36,5495.0,4.442,0.961,297.14883,46.296951,10.9,11.83,candidate
6041734,kepler,0.9998845056775808,99.99,planet,6041734,CANDIDATE,6.95787,359.007,4.537,182.3,0.1686,1.39,1047.0,284.4,6240.0,4.406,1.025,291.60449,41.309361,1.8,15.28,candidate
11705004,kepler,0.999789394194267,99.98,planet,11705004,CANDIDATE,3.05293416,132.96692,2.155,227.5,0.328,1.18,1047.0,284.82,5311.0,4.588,0.788,287.53503,49.801659,10.1,15.901,candidate
8934103,kepler,0.9998407706637311,99.98,planet,8934103,CANDIDATE,77.792718,190.1476,6.08,287.9,0.576,2.17,453.0,10.0,5497.0,4.243,1.241,283.3457,45.27446,9.1,15.245,candidate
4947556,kepler,0.9990715661940159,99.91,planet,4947556,CANDIDATE,141.608555,190.27633,7.685,1263.1,0.399,2.98,290.0,1.68,5083.0,4.512,0.844,297.57712,40.02771,43.3,13.336,candidate
7375348,kepler,0.9999113211199098,99.99,planet,7375348,CANDIDATE,47.7439509,160.15905,2.99,96.9,0.977,1.74,575.0,25.84,5949.0,4.272,1.292,295.40433,42.981422,15.0,11.472,candidate
9904006,kepler,0.9999797804102326,100.0,planet,9904006,CANDIDATE,20.1890396,142.19429,6.251,112.1,0.541,1.39,794.0,93.89,6178.0,4.269,1.267,296.80344,46.74115,15.0,13.573,candidate
2715695,kepler,0.9995790933952468,99.96,planet,2715695,CANDIDATE,7.55842923,137.9981,2.91,361.1,0.619,1.46,694.0,54.85,4791.0,4.577,0.742,292.03348,37.974548,10.3,15.958,candidate
8105398,kepler,0.9996449232206837,99.96,planet,8105398,CANDIDATE,5.68325648,134.87698,1.778,44.6,0.844,0.97,1257.0,589.92,6072.0,4.133,1.286,294.49487,43.91362,10.0,13.093,candidate
11176166,kepler,0.9996429225897352,99.96,planet,11176166,CANDIDATE,4.2742605,133.0463,2.687,263.8,0.089,1.88,1326.0,730.69,6477.0,4.361,1.148,283.06863,48.802078,11.4,14.496,candidate
7100673,kepler,0.999952827402149,100.0,planet,7100673,CANDIDATE,7.23524221,135.23173,2.685,60.0,0.182,0.82,948.0,191.14,5574.0,4.354,1.065,285.72849,42.65453,15.2,12.639,candidate
7100673,kepler,0.9999751492044585,100.0,planet,7100673,CANDIDATE,7.23524221,135.23173,2.685,60.0,0.182,0.82,948.0,191.14,5574.0,4.354,1.065,285.72849,42.65453,15.2,12.639,candidate
3634051,kepler,0.9993830718435996,99.94,planet,3634051,CANDIDATE,122.8054416,179.31732,2.663,313.0,1.346,118.62,602.0,31.11,5874.0,3.664,3.006,287.97546,38.74028,10.6,13.436,candidate
3645438,kepler,0.9990903886546155,99.91,planet,3645438,CANDIDATE,17.3695112,136.6159,4.012,314.0,0.28,1.45,588.0,28.35,5119.0,4.508,0.834,291.39938,38.78775,8.6,15.825,candidate
8780959,kepler,0.999596963699219,99.96,planet,8780959,CANDIDATE,18.577903,142.171,20.11,99.8,0.105,1.36,879.0,140.97,6432.0,4.207,1.345,300.33237,44.986141,6.6,13.306,candidate
8780959,kepler,0.999210667572934,99.92,planet,8780959,CANDIDATE,18.577903,142.171,20.11,99.8,0.105,1.36,879.0,140.97,6432.0,4.207,1.345,300.33237,44.986141,6.6,13.306,candidate
5629353,kepler,0.9996541211483072,99.97,planet,5629353,CANDIDATE,33.3200908,150.0494,6.5265,6186.9,0.069,13.0,750.0,74.79,6264.0,4.133,1.651,294.55789,40.850498,84.5,14.624,candidate
5629353,kepler,0.9996541211483072,99.97,planet,5629353,CANDIDATE,11.867172,142.985,4.815,595.6,0.001,4.03,1058.0,296.23,6264.0,4.133,1.651,294.55789,40.850498,13.4,14.624,candidate
4247991,kepler,0.9995827591741072,99.96,planet,4247991,CANDIDATE,191.86419296,294.47036,4.9,,,,,,,,,287.24118,39.33276,,12.57,candidate
4247991,kepler,0.9995827591741072,99.96,planet,4247991,CANDIDATE,13.72549689,145.03352,7.62,,,,,,,,,287.24118,39.33276,,12.57,candidate
6221385,kepler,0.9996252399931456,99.96,planet,6221385,CANDIDATE,7.3138454,137.561,2.273,247.7,0.893,2.73,1263.0,601.53,6486.0,4.136,1.485,296.35944,41.574532,9.2,14.263,candidate
6221385,kepler,0.999714590714184,99.97,planet,6221385,CANDIDATE,7.3138454,137.561,2.273,247.7,0.893,2.73,1263.0,601.53,6486.0,4.136,1.485,296.35944,41.574532,9.2,14.263,candidate
10122538,kepler,0.9999813903238095,100.0,planet,10122538,CANDIDATE,75.731195,201.9685,4.859,2496.0,0.9,3.47,237.0,0.74,3891.0,4.718,0.564,283.33606,47.174541,16.3,16.279,candidate
10122538,kepler,0.9997965875723022,99.98,planet,10122538,CANDIDATE,75.731195,201.9685,4.859,2496.0,0.9,3.47,237.0,0.74,3891.0,4.718,0.564,283.33606,47.174541,16.3,16.279,candidate
11125797,kepler,0.9995170380281784,99.95,planet,11125797,CANDIDATE,58.1263775,163.11687,4.018,271.5,0.016,1.32,404.0,6.28,5413.0,4.579,0.82,285.31381,48.72525,13.8,13.747,candidate
4735826,kepler,0.999154375305531,99.92,planet,4735826,CANDIDATE,4.02018903,134.84387,3.616,18.5,0.505,0.6,1337.0,754.66,5788.0,4.178,1.376,288.39529,39.872627,14.4,11.158,candidate
10843431,kepler,0.9996725828074399,99.97,planet,10843431,CANDIDATE,56.391062,167.579,5.7,2042.0,0.92,3.58,310.0,2.18,4406.0,4.643,0.628,282.37042,48.259289,11.4,16.324,candidate
